<?xml version="1.0" encoding="UTF-8"?>
<project-private xmlns="http://www.netbeans.org/ns/project-private/1">
    <editor-bookmarks xmlns="http://www.netbeans.org/ns/editor-bookmarks/2" lastBookmarkId="0"/>
    <open-files xmlns="http://www.netbeans.org/ns/projectui-open-files/2">
        <group>
            <file>file:/C:/Users/dyogo/Downloads/ATIVIDADE%20EM%20SALA/ATIVIDADE%20EM%20SALA/src/classes/Tributavel.java</file>
            <file>file:/C:/Users/dyogo/Downloads/ATIVIDADE%20EM%20SALA/ATIVIDADE%20EM%20SALA/src/classes/TestaContas.java</file>
            <file>file:/C:/Users/dyogo/Downloads/ATIVIDADE%20EM%20SALA/ATIVIDADE%20EM%20SALA/src/classes/ContaCorrente.java</file>
            <file>file:/C:/Users/dyogo/Downloads/ATIVIDADE%20EM%20SALA/ATIVIDADE%20EM%20SALA/src/classes/TestaTributavel.java</file>
            <file>file:/C:/Users/dyogo/Downloads/ATIVIDADE%20EM%20SALA/ATIVIDADE%20EM%20SALA/src/classes/ContaPoupanca.java</file>
            <file>file:/C:/Users/dyogo/Downloads/ATIVIDADE%20EM%20SALA/ATIVIDADE%20EM%20SALA/src/classes/Conta.java</file>
            <file>file:/C:/Users/dyogo/Downloads/ATIVIDADE%20EM%20SALA/ATIVIDADE%20EM%20SALA/src/classes/SeguroDeVida.java</file>
            <file>file:/C:/Users/dyogo/Downloads/ATIVIDADE%20EM%20SALA/ATIVIDADE%20EM%20SALA/src/classes/GerenciadorDeImpostoDeRenda.java</file>
            <file>file:/C:/Users/dyogo/Downloads/ATIVIDADE%20EM%20SALA/ATIVIDADE%20EM%20SALA/src/classes/TestaGerenciadorDeImpostoDeRenda.java</file>
        </group>
    </open-files>
</project-private>
