<?xml version="1.0" encoding="UTF-8"?>
<project-private xmlns="http://www.netbeans.org/ns/project-private/1">
    <editor-bookmarks xmlns="http://www.netbeans.org/ns/editor-bookmarks/2" lastBookmarkId="0"/>
    <open-files xmlns="http://www.netbeans.org/ns/projectui-open-files/2">
        <group>
            <file>file:/C:/Users/dyogo/OneDrive/Documentos/NetBeansProjects/interface/src/classes/Teste.java</file>
            <file>file:/C:/Users/dyogo/OneDrive/Documentos/NetBeansProjects/interface/src/classes/Quadrado.java</file>
            <file>file:/C:/Users/dyogo/OneDrive/Documentos/NetBeansProjects/interface/src/pkginterface/Interface.java</file>
            <file>file:/C:/Users/dyogo/OneDrive/Documentos/NetBeansProjects/interface/src/classes/Retangulo.java</file>
            <file>file:/C:/Users/dyogo/OneDrive/Documentos/NetBeansProjects/interface/src/classes/AreaCalculavel.java</file>
            <file>file:/C:/Users/dyogo/OneDrive/Documentos/NetBeansProjects/interface/src/classes/Circulo.java</file>
        </group>
    </open-files>
</project-private>
